Season,PlayerId,Name,Predicted K%
2025,608671,Travis Jankowski,0.142959
2025,643396,Isiah Kiner-Falefa,0.000000
2025,650489,Willi Castro,0.070731
2025,623168,Tyler Heineman,0.000000
2025,682515,Logan Porter,0.157257
2025,670032,Nicky Lopez,0.033111
2025,681962,Vinny Capra,0.161712
2025,596103,Austin Slater,0.201768
2025,678011,Anthony Seigler,0.172217
2025,641658,Garrett Hampson,0.000000
2025,663967,César Salazar,0.157257
2025,624512,Reese McGuire,0.002621
2025,677649,Ezequiel Duran,0.172217
2025,683766,Christian Koss,0.166699
2025,647351,Abraham Toro,0.161712
2025,669722,Logan Davidson,0.166699
2025,676679,Luis Vázquez,0.178267
2025,543592,Austin Nola,0.141694
2025,694359,Niko Kavadas,0.172217
2025,542932,Jon Berti,0.141694
2025,680837,Ryan Fitzgerald,0.149943
2025,642180,Tyler Wade,0.153334
2025,663897,Luke Williams,0.031783
2025,624431,Jose Trevino,0.078358
2025,676070,Jacob Amaya,0.172217
2025,571466,Tucker Barnhart,0.046692
2025,642215,Weston Wilson,0.059066
2025,669717,Will Wilson,0.172217
2025,656716,Zach McKinstry,0.013869
2025,670156,Miles Mastrobuoni,0.037129
2025,621028,Kevin Newman,0.149943
2025,645305,Ali Sánchez,0.161712
2025,571912,Luke Maile,0.026464
2025,622761,Jorge Mateo,0.153334
2025,668670,Jake Rogers,0.187487
2025,672724,Oswald Peraza,0.178267
2025,680862,Willie MacIver,0.161712
2025,571771,Enrique Hernández,0.059511
2025,621512,Tomás Nido,0.149943
2025,665019,Kody Clemens,0.047133
2025,500743,Miguel Rojas,0.039050
2025,660844,Leo Rivas,0.089262
2025,669450,Cooper Hummel,0.153334
2025,622569,Pablo Reyes,0.043306
2025,573262,Mike Yastrzemski,0.068089
2025,676475,Alec Burleson,0.114646
2025,676801,Chas McCormick,0.153334
2025,660644,Vidal Bruján,0.073989
2025,642708,Amed Rosario,0.157257
2025,620443,Luis Torrens,0.000000
2025,676701,Alan Trejo,0.057407
2025,681146,Jonah Bride,0.157257
2025,676724,Jared Young,0.157257
2025,656896,Emmanuel Rivera,0.072544
2025,669707,Jared Triolo,0.166699
2025,691594,Javier Sanoja,0.199606
2025,595978,Austin Hedges,0.080313
2025,645444,Jose Herrera,0.034009
2025,681987,Nate Eaton,0.142557
2025,656577,Alex Jackson,0.157257
2025,596142,Gary Sánchez,0.147083
2025,607732,Jacob Stallings,0.039256
2025,571657,Kyle Farmer,0.038052
2025,664068,Scott Kingery,0.149943
2025,676609,José Caballero,0.161712
2025,640902,Jhonny Pereda,0.037208
2025,686676,Korey Lee,0.172217
2025,683021,Michael Stefanic,0.000000
2025,641343,Jake Bauers,0.103020
2025,543391,Casey Kelly,0.143608
2025,688497,Taylor Rashi,0.157257
2025,622503,Nabil Crismatt,0.188209
2025,642133,Rowdy Tellez,0.115447
2025,674072,Tommy Henry,0.166221
2025,685126,Brandon Eisert,0.164441
2025,527048,Martín Pérez,0.162089
2025,680604,Blas Castaño,0.172217
2025,471911,Carlos Carrasco,0.166677
2025,700270,Yilber Díaz,0.191399
2025,677976,Randy Dobnak,0.167905
2025,669721,Davis Daniel,0.189473
2025,702795,Ryan Loutos,0.121788
2025,676969,Brett de Geus,0.217683
2025,656458,Lucas Gilbreath,0.192655
2025,623167,Chris Flexen,0.161062
2025,543294,Kyle Hendricks,0.151817
2025,699911,Dugan Darnell,0.161712
2025,656240,Scott Blewett,0.184166
2025,594902,Ben Lively,0.159264
2025,547001,Cody Poteet,0.175114
2025,663362,Matt Waldron,0.196381
2025,664744,Jose Espada,0.157389
2025,685299,Tanner Gordon,0.169629
2025,605507,Zach Thompson,0.179245
2025,671109,Jake Eder,0.157118
2025,641312,Shaun Anderson,0.150881
2025,641793,Zack Littell,0.200084
2025,669449,Jake Palisch,0.172217
2025,691251,Andry Lara,0.199606
2025,669459,Kyle Nelson,0.217945
2025,500779,Jose Quintana,0.173750
2025,622608,Antonio Senzatela,0.141047
2025,670183,Garrett Acton,0.217715
2025,687166,Austin Pope,0.172217
2025,687589,Dom Hamel,0.172217
2025,641540,Dane Dunning,0.198739
2025,519008,T.J. McFarland,0.146692
2025,608334,Carson Fulmer,0.179385
2025,685314,Andrew Saalfrank,0.149242
2025,686826,Bryce Jarvis,0.169073
2025,663465,Kolby Allard,0.204283
2025,683155,Joey Estes,0.209982
2025,680951,Doug Nikhazy,0.178267
2025,695418,Brad Lord,0.178267
2025,666659,Sauryn Lao,0.178267
2025,623433,Nick Anderson,0.173434
2025,570632,José Ureña,0.153704
2025,642216,Allan Winans,0.173536
2025,596295,Austin Gomber,0.173173
2025,673820,Robinson Piña,0.172217
2025,674841,Andrew Alvarez,0.172217
2025,596271,Casey Lawrence,0.145007
2025,670810,Logan Gillaspie,0.172599
2025,815083,Mitch Farris,0.184848
2025,680573,Simeon Woods Richardson,0.213400
2025,643410,Mark Leiter Jr.,0.226973
2025,664139,Ian Gibaut,0.182373
2025,643361,Kevin Herget,0.162350
2025,608566,Germán Márquez,0.165702
2025,669145,Bruce Zimmermann,0.154137
2025,687003,Brian Van Belle,0.161712
2025,692030,Jose Corniell,0.199606
2025,666214,Joey Wentz,0.221131
2025,683627,Anthony Molina,0.192016
2025,543518,Scott McGough,0.181101
2025,663372,Ryan Feltner,0.199241
2025,669920,Jason Alexander,0.177790
2025,669854,Ronel Blanco,0.208109
2025,615698,Cal Quantrill,0.162723
2025,592351,Jon Gray,0.195639
2025,621244,José Berríos,0.212249
2025,571945,Miles Mikolas,0.174882
2025,664351,Luis Contreras,0.189374
2025,544150,Albert Suárez,0.160317
2025,671162,Connor Thomas,0.166699
2025,608717,Chris Stratton,0.181020
2025,681432,Luke Little,0.241066
2025,676282,Joey Cantillo,0.233607
2025,448179,Rich Hill,0.223914
2025,676961,Caleb Boushley,0.155240
2025,676106,Emerson Hancock,0.167026
2025,502043,Kyle Gibson,0.184961
2025,676661,Max Lazar,0.173168
2025,605182,Mike Clevinger,0.175658
2025,677651,Luis Garcia,0.220375
2025,694363,Jared Shuster,0.167031
2025,541640,Erasmo Ramírez,0.156494
2025,663321,Nick Hernandez,0.194815
2025,573186,Marcus Stroman,0.171410
2025,656464,Kevin Ginkel,0.224889
2025,605218,Carl Edwards Jr.,0.125840
2025,657024,Erik Swanson,0.226363
2025,829272,Shinnosuke Ogasawara,0.166699
2025,612434,Miguel Castro,0.205513
2025,656849,David Peterson,0.223345
2025,592836,Taijuan Walker,0.169914
2025,657053,Touki Toussaint,0.202944
2025,693821,Bryce Elder,0.192519
2025,700241,Michael McGreevy,0.213422
2025,691951,Sam Aldegheri,0.196626
2025,669620,Brady Basso,0.191855
2025,445926,Jesse Chavez,0.200257
2025,518876,Merrill Kelly,0.202810
2025,543859,Michael Tonkin,0.216754
2025,701581,David Festa,0.249921
2025,656550,Grant Holmes,0.201852
2025,669020,Ryan Rolison,0.166699
2025,694646,Chayce McDermott,0.191014
2025,686701,Ryan Bergert,0.178267
2025,592454,Tommy Kahnle,0.206533
2025,476594,Robert Stock,0.328242
2025,663773,Bryan Hoeing,0.192958
2025,688642,Zach Agnos,0.184848
2025,687931,Carson Whisenhunt,0.184848
2025,593958,Eduardo Rodriguez,0.199985
2025,607259,Nick Martinez,0.195642
2025,641816,Tyler Mahle,0.192885
2025,605463,Tayler Scott,0.195179
2025,607200,Erick Fedde,0.184828
2025,685068,Carson Ragsdale,0.166699
2025,808963,Roki Sasaki,0.191961
2025,680730,Mitchell Parker,0.206345
2025,687362,Connor Gillispie,0.189947
2025,702674,Caden Dana,0.217589
2025,684974,Craig Yoho,0.178267
2025,676510,Nolan Hoffman,0.166699
2025,676051,Codi Heuer,0.379368
2025,677020,Josh Walker,0.195824
2025,656288,Griffin Canning,0.193318
2025,664353,José Urquidy,0.179135
2025,664948,Anthony Misiewicz,0.224626
2025,608337,Lucas Giolito,0.232448
2025,694851,Andrew Hoffmann,0.178267
2025,669391,Owen White,0.192243
2025,641585,J.P. France,0.168033
2025,607179,Jordan Weems,0.201216
2025,687849,Zak Kent,0.166699
2025,674944,Sean Guenther,0.187577
2025,680732,Sean Burke,0.246062
2025,687064,Brandon Young,0.172217
2025,547179,Michael Lorenzen,0.175298
2025,665665,Reiver Sanmartin,0.187101
2025,663978,Chris Paddack,0.199789
2025,642520,Gerson Garabito,0.177917
2025,621114,Ryan Burr,0.226299
2025,641778,Eric Lauer,0.189024
2025,691441,Cristian Mena,0.220602
2025,608372,Tomoyuki Sugano,0.141694
2025,666120,Ian Anderson,0.210364
2025,680880,Grant Holman,0.206485
2025,669456,Shane Bieber,0.207590
2025,669432,Trevor Rogers,0.197515
2025,687074,Tyler Owens,0.184848
2025,671106,Logan Allen,0.210289
2025,694350,Zach Brzykcy,0.187843
2025,641672,Thomas Hatch,0.213421
2025,605154,John Brebbia,0.213644
2025,605288,Adrian Houser,0.166080
2025,608665,Kendall Graveman,0.206400
2025,687847,Marc Church,0.206583
2025,571760,Andrew Heaney,0.233209
2025,677944,Slade Cecconi,0.198261
2025,802419,Thomas Harrington,0.191961
2025,668678,Zac Gallen,0.243464
2025,628317,Kenta Maeda,0.199581
2025,621107,Zach Eflin,0.225343
2025,676680,Tom Cosgrove,0.221647
2025,660853,Enyel De Los Santos,0.222185
2025,592426,Luke Jackson,0.228470
2025,682052,Jacob Lopez,0.179485
2025,701656,Logan Henderson,0.191961
2025,700669,Gordon Graceffo,0.183606
2025,605452,Joe Ross,0.190588
2025,686799,Jack Kochanowicz,0.172530
2025,687134,Bradley Blalock,0.181667
2025,680684,Gunnar Hoglund,0.178267
2025,663460,Kris Bubic,0.213490
2025,650671,José Quijada,0.245928
2025,641154,Pablo López,0.252754
2025,623474,Jimmy Herget,0.213128
2025,642585,Félix Bautista,0.352905
2025,521230,Liam Hendriks,0.237477
2025,663542,Bryan Hudson,0.227591
2025,801216,Christian Montes De Oca,0.178267
2025,681916,Dylan Smith,0.178267
2025,663671,Nic Enright,0.161712
2025,663941,Tristan Beck,0.184558
2025,596001,Jakob Junis,0.205917
2025,693855,Ian Seymour,0.172217
2025,675540,Xzavion Curry,0.175291
2025,665871,Javier Assad,0.202616
2025,519151,Ryan Pressly,0.235323
2025,669674,Sam Long,0.207515
2025,669467,Andre Pallante,0.197028
2025,678906,Kai-Wei Teng,0.186563
2025,695534,Chase Petty,0.199606
2025,670102,Bowden Francis,0.215675
2025,605488,Jeffrey Springs,0.213772
2025,689017,Landon Knack,0.214765
2025,660730,Elvin Rodríguez,0.179476
2025,701487,Pierson Ohl,0.178267
2025,641927,Bailey Ober,0.249222
2025,668964,Tobias Myers,0.212872
2025,663546,Sean Hjelle,0.230219
2025,673540,Kodai Senga,0.256926
2025,571510,Matthew Boyd,0.204588
2025,702070,Noah Cameron,0.178267
2025,689225,Beau Brieske,0.219916
2025,687606,Paxton Schultz,0.166699
2025,607625,Seth Lugo,0.212884
2025,672710,Roansy Contreras,0.210557
2025,687424,Anthony Maldonado,0.172995
2025,669084,DL Hall,0.214876
2025,676664,JP Sears,0.204670
2025,680702,Joey Gerber,0.161712
2025,678368,Valente Bellozo,0.166670
2025,592791,Jameson Taillon,0.194604
2025,680689,Lyon Richardson,0.222736
2025,684007,Shota Imanaga,0.220821
2025,489446,Kirby Yates,0.252978
2025,691094,Randy Wynne,0.092429
2025,664141,JT Brubaker,0.209480
2025,663558,Jovani Morán,0.241915
2025,663562,Noah Davis,0.172802
2025,674285,Eduardo Salazar,0.194302
2025,663623,Jake Irvin,0.212999
2025,676083,Janson Junk,0.196570
2025,696131,Mason Black,0.207078
2025,683409,Angel Chivilli,0.218049
2025,677955,Jaden Hill,0.192349
2025,592866,Trevor Williams,0.180782
2025,669713,Hayden Wesneski,0.222439
2025,607536,Kyle Freeland,0.166058
2025,664062,Tony Gonsolin,0.174872
2025,682790,Wikelman González,0.191961
2025,519326,Hunter Strickland,0.197022
2025,683769,Hunter Gaddis,0.207796
2025,670766,Darren McCaughan,0.157997
2025,593576,Héctor Neris,0.222219
2025,667755,José Soriano,0.244703
2025,657756,Connor Seabold,0.149295
2025,691799,Grant Taylor,0.191961
2025,680694,Kyle Bradish,0.239491
2025,677961,Cole Wilcox,0.178267
2025,647336,Michael Soroka,0.219302
2025,686730,Carson Spiers,0.197905
2025,664299,Cristian Javier,0.247816
2025,688138,Logan Evans,0.184848
2025,607067,Colin Rea,0.189040
2025,681857,Reese Olson,0.231875
2025,579328,Yusei Kikuchi,0.259404
2025,664747,Alexis Díaz,0.235732
2025,686790,Trevor McDonald,0.184686
2025,681882,Colin Selby,0.216664
2025,656638,Alex Lange,0.242522
2025,657097,Jacob Webb,0.212885
2025,489119,Wade Miley,0.166130
2025,681343,Shane Smith,0.178267
2025,665152,Dean Kremer,0.215035
2025,656605,Mitch Keller,0.238442
2025,676467,Colton Gordon,0.172217
2025,606930,Jacob Barnes,0.178197
2025,656222,Jalen Beeks,0.193374
2025,663903,Brady Singer,0.219744
2025,686249,Nathan Wiles,0.172217
2025,663738,Daniel Lynch IV,0.190528
2025,621363,Colin Poche,0.203423
2025,689520,Cody Laweryson,0.166699
2025,692024,Alex Carrillo,0.161712
2025,681347,Mike Burrows,0.192978
2025,801434,Paul Gervase,0.178267
2025,605177,Andrew Chafin,0.229910
2025,685326,McCade Brown,0.184848
2025,679922,Carlos Duran,0.191961
2025,663554,Casey Mize,0.195789
2025,656420,J.P. Feyereisen,0.190313
2025,800048,Parker Messick,0.184848
2025,663455,Konnor Pilkington,0.164637
2025,477132,Clayton Kershaw,0.225492
2025,663687,Hogan Harris,0.199966
2025,681751,Lazaro Estrada,0.172217
2025,595928,John Curtiss,0.196532
2025,543243,Sonny Gray,0.245546
2025,669302,Logan Gilbert,0.255951
2025,605135,Chris Bassitt,0.219417
2025,518489,Ryan Brasier,0.202390
2025,669212,Eli Morgan,0.219909
2025,571578,Patrick Corbin,0.179925
2025,663568,Stephen Kolek,0.209041
2025,663559,Bailey Falter,0.193246
2025,624133,Ranger Suárez,0.225678
2025,669372,J.T. Ginn,0.201885
2025,605513,Spencer Turnbull,0.211891
2025,670955,Edwin Uceta,0.267155
2025,669461,Matthew Liberatore,0.227264
2025,669330,Tyler Wells,0.200074
2025,606965,Chris Devenski,0.193723
2025,660787,Yerry De los Santos,0.196243
2025,622491,Luis Castillo,0.255076
2025,453286,Max Scherzer,0.247453
2025,690990,Cade Horton,0.191961
2025,621139,Brooks Kriske,0.239175
2025,676755,Isaac Mattson,0.202289
2025,640454,Matt Krook,0.190174
2025,672456,Keider Montero,0.207769
2025,669947,Jesse Scholtens,0.125767
2025,663804,Jackson Kowar,0.221783
2025,687830,Sawyer Gipson-Long,0.245816
2025,605540,Brandon Woodruff,0.261717
2025,678394,Brayan Bello,0.230881
2025,660604,Alan Rangel,0.166699
2025,600917,José Leclerc,0.256121
2025,675911,Spencer Strider,0.331904
2025,676974,Max Meyer,0.184191
2025,663436,Davis Martin,0.188934
2025,628452,Raisel Iglesias,0.255057
2025,690986,Kyle Harrison,0.232932
2025,596133,Luke Weaver,0.231609
2025,621111,Walker Buehler,0.205990
2025,687888,Brandon Walter,0.185726
2025,642121,Cole Sulser,0.200204
2025,686930,Mason Barnett,0.184848
2025,681190,Randy Vásquez,0.192418
2025,680767,Victor Vodnik,0.221268
2025,700249,Cade Povich,0.210211
2025,687911,Bryan King,0.237064
2025,671096,Andrew Abbott,0.225244
2025,685801,Hunter Bigge,0.252859
2025,676206,Freddy Tarnok,0.215025
2025,663485,Cole Sands,0.240099
2025,656557,Tanner Houck,0.231247
2025,687223,Carson Palmquist,0.184848
2025,642701,Dennis Santana,0.226235
2025,663574,Tony Santillan,0.262899
2025,694738,Landen Roupp,0.215521
2025,680729,Garrett McDaniels,0.178267
2025,542881,Tyler Anderson,0.194953
2025,694297,Brandon Pfaadt,0.254873
2025,543135,Nathan Eovaldi,0.225566
2025,621112,Paul Blackburn,0.180903
2025,669060,Bryse Wilson,0.208480
2025,622379,Luis F. Castillo,0.228032
2025,592662,Robbie Ray,0.241499
2025,663795,Justin Hagenman,0.161712
2025,664199,Taylor Clarke,0.202190
2025,686563,Jonathan Cannon,0.203710
2025,676775,Keaton Winn,0.213129
2025,687287,Patrick Monteverde,0.166699
2025,657424,Matt Gage,0.199037
2025,656186,Dan Altavilla,0.192110
2025,682990,Quinn Priester,0.186347
2025,669022,MacKenzie Gore,0.269213
2025,623437,Justin Topa,0.179613
2025,608379,Michael Wacha,0.215538
2025,802686,Hayden Harris,0.172217
2025,677958,Kumar Rocker,0.228393
2025,681869,Shawn Dubin,0.212289
2025,614179,José Ruiz,0.226710
2025,678821,Luis Peralta,0.236891
2025,813349,Connelly Early,0.191961
2025,670950,Trevor Richards,0.244475
2025,700363,AJ Smith-Shawver,0.260540
2025,690928,Hunter Dobbins,0.178267
2025,678024,Mike Vasil,0.178267
2025,605242,Michael Fulmer,0.224798
2025,808967,Yoshinobu Yamamoto,0.251956
2025,601713,Nick Pivetta,0.263840
2025,605483,Blake Snell,0.297035
2025,692230,Carlos Rodriguez,0.214904
2025,800049,Adam Mazur,0.185154
2025,669923,George Kirby,0.255823
2025,701121,Logan VanWey,0.172217
2025,622253,Dillon Tate,0.196733
2025,663399,Brandon Waddell,0.335611
2025,666168,Mason Thompson,0.201195
2025,680735,Austin Cox,0.207648
2025,594580,Sam Moll,0.225826
2025,678316,Omar Cruz,0.172217
2025,669438,Mason Englert,0.192491
2025,518397,Scott Alexander,0.171134
2025,686747,Joe La Sorsa,0.202025
2025,650644,Aaron Civale,0.238031
2025,607192,Tyler Glasnow,0.298044
2025,656427,Jack Flaherty,0.255368
2025,621051,Steven Wilson,0.225044
2025,669711,Greg Weissert,0.222574
2025,606160,Rafael Montero,0.206042
2025,621057,Justin Garza,0.197598
2025,663969,Tyler Phillips,0.183558
2025,641656,Ian Hamilton,0.241760
2025,608032,Carlos Estévez,0.226259
2025,605347,Jorge López,0.213571
2025,805427,Drew Sommers,0.184848
2025,681676,Ryan Fernandez,0.235044
2025,676263,Jack Dreyer,0.172217
2025,682120,Tim Herrin,0.238001
2025,663992,Richard Lovelady,0.213013
2025,695445,Chase Lee,0.172217
2025,543101,Anthony DeSclafani,0.172335
2025,660761,José Suarez,0.224871
2025,702352,Spencer Bivens,0.187323
2025,650633,Michael King,0.255489
2025,622780,Angel Perdomo,0.262474
2025,682995,Hunter Barco,0.184848
2025,676962,Ben Brown,0.257488
2025,663423,Trent Thornton,0.233038
2025,663474,Triston McKenzie,0.216915
2025,672782,Yoendrys Gómez,0.209691
2025,806185,Hayden Birdsong,0.270855
2025,701519,Travis Adams,0.178267
2025,664294,Dauri Moreta,0.254320
2025,640451,Hunter Harvey,0.244511
2025,593974,Wandy Peralta,0.175335
2025,673380,Dedniel Núñez,0.276197
2025,676477,Garrett Whitlock,0.213586
2025,674370,Osvaldo Bido,0.223286
2025,625643,Reynaldo López,0.242889
2025,673929,Jordan Leasure,0.202309
2025,506433,Yu Darvish,0.227858
2025,671111,Sammy Peralta,0.202328
2025,646242,Jhonathan Díaz,0.186325
2025,669684,Chris Murphy,0.213567
2025,666277,George Soriano,0.210682
2025,571946,Shelby Miller,0.187034
2025,656686,Corbin Martin,0.230212
2025,606996,Kyle Hart,0.147083
2025,665625,Elvis Peguero,0.219286
2025,667297,Tommy Nance,0.207195
2025,701552,Andre Granillo,0.178267
2025,661563,Luis Gil,0.264049
2025,534910,Jesse Hahn,0.301114
2025,676130,José Buttó,0.224429
2025,572955,Pierce Johnson,0.259569
2025,592332,Kevin Gausman,0.240907
2025,669308,Sean Reynolds,0.276104
2025,592254,José De León,0.249536
2025,682847,Luis Ortiz,0.206880
2025,689266,Dylan Dodd,0.169517
2025,622786,Jesus Tinoco,0.229638
2025,657514,Brennan Bernardino,0.224702
2025,642232,Ryan Yarbrough,0.197021
2025,641482,Nestor Cortes,0.250499
2025,656257,Jeff Brigham,0.217149
2025,641302,Tyler Alexander,0.201675
2025,683232,Nick Mears,0.262170
2025,675919,Nick Raquet,0.157257
2025,701542,Will Warren,0.241110
2025,668834,Easton McGee,0.168698
2025,643338,Chad Green,0.220845
2025,685107,Anthony Veneziano,0.222114
2025,687473,Ryan Gusto,0.172217
2025,670036,Matt Festa,0.232705
2025,450203,Charlie Morton,0.241181
2025,806188,Cade Gibson,0.166699
2025,669193,Jack Little,0.166699
2025,804636,Jonah Tong,0.199606
2025,670167,John Schreiber,0.217347
2025,656457,Tyler Gilbert,0.169504
2025,675848,Juan Mejia,0.184848
2025,691769,Philip Abner,0.191961
2025,657006,Justin Steele,0.246343
2025,669160,Dustin May,0.249156
2025,687765,Mitch Spence,0.212264
2025,676571,PJ Poulin,0.161712
2025,656794,Sean Newcomb,0.197369
2025,682989,Victor Mederos,0.225774
2025,657376,Clarke Schmidt,0.244077
2025,669199,Lake Bachar,0.201814
2025,679358,Eric Orze,0.159963
2025,552640,Andrew Kittredge,0.203640
2025,642048,Tayler Saucedo,0.200313
2025,684320,Yariel Rodríguez,0.206169
2025,664192,Joey Lucchesi,0.179082
2025,681810,Austin Warren,0.208662
2025,681517,Kyle Leahy,0.175862
2025,696147,Sam Bachman,0.219747
2025,686751,Seth Johnson,0.182420
2025,676092,Collin Snider,0.227418
2025,642152,Lou Trivino,0.280425
2025,663765,Jake Woodford,0.164121
2025,641835,Tim Mayza,0.192103
2025,670912,Johan Oviedo,0.200655
2025,666200,Jesús Luzardo,0.259983
2025,671737,Taj Bradley,0.295489
2025,676702,Hunter Stratton,0.215655
2025,687922,Easton Lucas,0.208194
2025,669724,Brenan Hanifee,0.198698
2025,681217,Chase Silseth,0.232676
2025,621121,Lance McCullers Jr.,0.268420
2025,820862,José Fermin,0.191961
2025,595897,Nick Burdi,0.225210
2025,686642,Fraser Ellard,0.225125
2025,686218,Emmet Sheehan,0.243193
2025,676440,Tanner Bibee,0.267450
2025,670174,Josh Winckowski,0.213883
2025,682274,Yaramil Hiraldo,0.157257
2025,668674,Lucas Erceg,0.260129
2025,656271,Brock Burke,0.237503
2025,605130,Scott Barlow,0.243886
2025,680704,Nick Sandlin,0.246512
2025,668820,Max Kranick,0.278026
2025,642759,Julian Fernández,0.323530
2025,642547,Freddy Peralta,0.275431
2025,607455,Anthony Banda,0.218436
2025,694361,Will Klein,0.210850
2025,682243,Bryce Miller,0.258607
2025,666157,Nick Lodolo,0.261178
2025,669203,Corbin Burnes,0.281114
2025,688297,Chris Roycroft,0.221928
2025,663767,Chase Shugart,0.219876
2025,801403,Chase Dollander,0.191961
2025,691172,Yosver Zulueta,0.247682
2025,681867,Cooper Criswell,0.195645
2025,518585,Fernando Cruz,0.287698
2025,663462,Isaiah Campbell,0.229262
2025,571927,Steven Matz,0.198673
2025,668909,Gavin Williams,0.248306
2025,605447,Jordan Romano,0.238268
2025,676395,Robert Garcia,0.250377
2025,661527,Seth Martinez,0.196458
2025,656641,Jacob Latz,0.206894
2025,806960,Luis Morales,0.199606
2025,677960,Ryan Weathers,0.229502
2025,696270,Ryan Johnson,0.199606
2025,669422,Matt Sauer,0.192176
2025,669211,Keegan Akin,0.261856
2025,666974,Yennier Cano,0.239149
2025,671131,Jackson Rutledge,0.212024
2025,700187,Troy Taylor,0.282089
2025,554431,Tyler Matzek,0.189722
2025,642239,Rob Zastryzny,0.177832
2025,666619,Gregory Santos,0.241973
2025,673513,Yuki Matsui,0.232076
2025,690916,Richard Fitts,0.186544
2025,640455,Sean Manaea,0.235295
2025,680742,Jonathan Bowlan,0.209931
2025,678215,Luarbert Arias,0.184848
2025,663947,Tyler Holton,0.216190
2025,691548,Rolddy Muñoz,0.178267
2025,686753,Drey Jameson,0.221710
2025,694462,Hurston Waldrep,0.209110
2025,606303,Joel Payamps,0.223538
2025,657240,Julian Merryweather,0.235101
2025,657746,Joe Ryan,0.272225
2025,650893,Génesis Cabrera,0.230564
2025,592094,Jason Adam,0.263870
2025,663878,Nate Pearson,0.258062
2025,641386,Ben Bowden,0.361183
2025,681293,Spencer Arrighetti,0.264412
2025,623211,Huascar Brazobán,0.212282
2025,664129,Geoff Hartlieb,0.190273
2025,669276,Dylan Lee,0.254904
2025,608718,Brent Suter,0.195686
2025,573009,Joe Mantiply,0.207878
2025,676760,Ron Marinaccio,0.238105
2025,681982,Grant Anderson,0.222682
2025,682610,Roddery Muñoz,0.202517
2025,680701,John Rooney,0.161712
2025,687377,Orlando Ribalta,0.193378
2025,696136,Jordan Wicks,0.216937
2025,680736,Justin Wrobleski,0.211869
2025,660825,Eduard Bazardo,0.233424
2025,681168,Luis Curvelo,0.184848
2025,681151,Jayden Murray,0.161712
2025,573124,Taylor Rogers,0.243055
2025,679883,Luinder Avila,0.191961
2025,607074,Carlos Rodón,0.276168
2025,686580,Justin Slaten,0.246630
2025,664208,Phil Maton,0.218656
2025,669387,Carmen Mlodzinski,0.234006
2025,670990,Yohan Ramírez,0.218174
2025,666808,Camilo Doval,0.287438
2025,667463,John King,0.173177
2025,605280,Clay Holmes,0.274692
2025,665660,Elvis Alvarado,0.172217
2025,670329,Rico Garcia,0.159142
2025,693313,Carson Seymour,0.172217
2025,682171,Penn Murfee,0.238408
2025,657277,Logan Webb,0.253718
2025,679775,Kyle Backhus,0.166699
2025,640448,Kyle Finnegan,0.216702
2025,693433,Bryan Woo,0.254848
2025,655889,Manuel Rodríguez,0.218982
2025,692285,Luis Guerrero,0.254740
2025,665795,Edward Cabrera,0.253490
2025,657649,Jared Koenig,0.204832
2025,678022,Jack Perkins,0.178267
2025,688107,Robert Gasser,0.200216
2025,694477,Chad Patrick,0.172217
2025,620454,José Castillo,0.146203
2025,675650,Michael Mercado,0.198565
2025,458677,Justin Wilson,0.222810
2025,697812,Joe Rock,0.184848
2025,663432,Tanner Rainey,0.202872
2025,677952,Braxton Ashcraft,0.178267
2025,542888,Shawn Armstrong,0.219663
2025,805123,AJ Blubaugh,0.184848
2025,605400,Aaron Nola,0.272079
2025,702056,Trey Yesavage,0.207783
2025,519141,Drew Pomeranz,0.386359
2025,672335,Cionel Pérez,0.206144
2025,670280,David Bednar,0.256681
2025,680755,Braydon Fisher,0.184848
2025,693312,Kyle Nicolas,0.237013
2025,641401,Connor Brogdon,0.215343
2025,676684,Will Vest,0.216045
2025,668941,JoJo Romero,0.236707
2025,681892,Kody Funderburk,0.230757
2025,805673,Zebby Matthews,0.231393
2025,681895,Evan Sisk,0.161712
2025,641745,Brad Keller,0.173060
2025,434378,Justin Verlander,0.227493
2025,593423,Frankie Montas,0.224383
2025,518886,Craig Kimbrel,0.268043
2025,686228,Juan Burgos,0.178267
2025,672391,Kaleb Ort,0.229617
2025,681799,Ethan Roberts,0.225774
2025,571948,Hoby Milner,0.220670
2025,641755,Tyler Kinley,0.205772
2025,690925,Clayton Beeter,0.225791
2025,682144,Jayvien Sandridge,0.172217
2025,675512,Troy Melton,0.184848
2025,593833,Wander Suero,0.247276
2025,664875,Justin Lawrence,0.210962
2025,519242,Chris Sale,0.273002
2025,672578,Carlos Hernández,0.225518
2025,621366,Ryan Borucki,0.203765
2025,676272,Bobby Miller,0.241534
2025,687396,Brent Headrick,0.239242
2025,668390,Cole Winn,0.216473
2025,694973,Paul Skenes,0.323269
2025,669371,Cole Henry,0.178267
2025,547184,Michael Kelly,0.196692
2025,502085,David Robertson,0.277151
2025,543056,Danny Coulombe,0.233096
2025,666215,Forrest Whitley,0.228550
2025,656546,Jeff Hoffman,0.283338
2025,683004,Jack Leiter,0.217281
2025,681006,Josh Simpson,0.166699
2025,656986,Bennett Sousa,0.195600
2025,660896,Jorge Alcala,0.238333
2025,686613,Hunter Brown,0.274921
2025,687863,Porter Hodge,0.282749
2025,669358,Shane Baz,0.231237
2025,678226,Daysbel Hernández,0.271117
2025,694918,Blade Tidwell,0.184848
2025,668984,Casey Legumina,0.190061
2025,669062,Erik Miller,0.263547
2025,656302,Dylan Cease,0.299758
2025,656731,Tylor Megill,0.237159
2025,547973,Aroldis Chapman,0.294699
2025,657571,Caleb Ferguson,0.244478
2025,669093,Jeremiah Estrada,0.301532
2025,702752,Jonathan Pintaro,0.166699
2025,664991,Grant Wolfram,0.161712
2025,671922,Cade Smith,0.296757
2025,669194,Ryne Nelson,0.214790
2025,621381,Matt Strahm,0.280708
2025,681870,Erik Sabrowski,0.263084
2025,664285,Framber Valdez,0.254015
2025,676917,Cade Cavalli,0.259837
2025,645261,Sandy Alcantara,0.234164
2025,641329,Bryan Baker,0.229700
2025,690382,Michael Darrell-Hicks,0.166699
2025,592155,Cam Booser,0.218988
2025,696149,Bubba Chandler,0.199606
2025,690953,Mick Abel,0.191961
2025,472610,Luis García,0.206609
2025,676742,Cam Sanders,0.161712
2025,686993,Justin Sterner,0.212222
2025,621345,A.J. Minter,0.267282
2025,695549,Jackson Jobe,0.229724
2025,621199,Matt Bowman,0.185363
2025,676254,Ryan Walker,0.284494
2025,666142,Cole Ragans,0.289691
2025,699134,Bradgley Rodriguez,0.207783
2025,675989,Cody Bolton,0.225372
2025,608650,Dietrich Enns,0.382497
2025,671212,Joe Boyle,0.249772
2025,673965,Caleb Freeman,0.166699
2025,643377,Griffin Jax,0.271318
2025,668716,Noah Murdock,0.172217
2025,621053,Tyler Ferguson,0.257328
2025,686752,Ryan Pepiot,0.266381
2025,663855,Jordan Hicks,0.234478
2025,671305,Michel Otañez,0.315425
2025,800311,Didier Fuentes,0.216491
2025,622663,Luis Severino,0.232152
2025,621242,Edwin Díaz,0.331006
2025,685005,Christian Roa,0.172217
2025,674384,Eduarniel Núñez,0.172217
2025,680885,Spencer Schwellenbach,0.262388
2025,647315,Zach Pop,0.212232
2025,678606,Jose A. Ferrer,0.246530
2025,694335,Matt Svanson,0.172217
2025,689690,Alek Jacob,0.263068
2025,678692,Ronny Henriquez,0.207677
2025,678020,Seth Halvorsen,0.262034
2025,676604,Tyler Zuber,0.236449
2025,650556,Bryan Abreu,0.301723
2025,664123,Scott Effross,0.206833
2025,594798,Jacob deGrom,0.307053
2025,642016,Daniel Robert,0.216666
2025,573204,Caleb Thielbar,0.251335
2025,621383,Tanner Banks,0.209067
2025,679885,Justin Martinez,0.316423
2025,689958,Andrew Walters,0.238195
2025,686973,Louis Varland,0.220785
2025,682825,Luis Mey,0.184848
2025,687209,Zach Maxwell,0.184848
2025,687330,Kevin Kelly,0.257537
2025,607481,Aaron Bummer,0.270710
2025,690829,Ben Joyce,0.286001
2025,677865,Justin Bruihl,0.200053
2025,664126,Pete Fairbanks,0.278774
2025,608331,Max Fried,0.238662
2025,666661,Juan Morillo,0.172217
2025,608371,Lucas Sims,0.253083
2025,664076,Garrett Cleavinger,0.255693
2025,666374,Matt Brash,0.319058
2025,623465,Evan Phillips,0.274771
2025,554430,Zack Wheeler,0.275663
2025,687075,Brandon Sproat,0.184848
2025,656876,Drew Rasmussen,0.277212
2025,596112,Robert Stephenson,0.265318
2025,641941,Emilio Pagán,0.239029
2025,672282,Reid Detmers,0.277429
2025,676428,Brant Hurter,0.227968
2025,592779,Brock Stewart,0.267391
2025,642100,Gabe Speier,0.246194
2025,595014,Blake Treinen,0.246445
2025,669704,Kade Strowd,0.166699
2025,621237,José Alvarado,0.276494
2025,663158,Robert Suarez,0.238784
2025,455119,Chris Martin,0.232811
2025,623149,Paul Sewald,0.273644
2025,676534,Calvin Faucher,0.223197
2025,676617,Riley O'Brien,0.216761
2025,677161,Zack Kelly,0.236365
2025,622554,Seranthony Domínguez,0.260328
2025,657585,Reed Garrett,0.260610
2025,493603,Adam Ottavino,0.245216
2025,693645,Cam Schlittler,0.184848
2025,650911,Cristopher Sánchez,0.235700
2025,690544,Bailey Horn,0.200845
2025,445276,Kenley Jansen,0.274697
2025,642528,Jonathan Loáisiga,0.248810
2025,642207,Devin Williams,0.327723
2025,695505,Chase Burns,0.199606
2025,669622,Anthony Bender,0.258183
2025,670059,Colin Holderman,0.244865
2025,672841,Carlos Vargas,0.263842
2025,595345,Steven Okert,0.247519
2025,688158,David Morgan,0.178267
2025,664849,Danny Young,0.248006
2025,686654,Ty Adcock,0.201758
2025,656848,Michael Petersen,0.192128
2025,668970,Gavin Hollowell,0.193993
2025,592773,Ryne Stanek,0.243779
2025,669373,Tarik Skubal,0.302526
2025,805299,Brandyn Garcia,0.178267
2025,676979,Garrett Crochet,0.328941
2025,642397,Gregory Soto,0.265915
2025,676508,Ben Casparius,0.239545
2025,657044,Ryan Thompson,0.217857
2025,694037,Daniel Palencia,0.259510
2025,656945,Tanner Scott,0.306990
2025,683175,Connor Phillips,0.263314
2025,640462,A.J. Puk,0.270455
2025,690997,Nolan McLean,0.191961
2025,656234,Jake Bird,0.209025
2025,663893,Brendon Little,0.221789
2025,672582,Angel Zerpa,0.238390
2025,682842,Abner Uribe,0.273525
2025,548384,Brooks Raley,0.281940
2025,656629,Michael Kopech,0.295260
2025,691587,Eury Pérez,0.307114
2025,689254,Mason Fluharty,0.191961
2025,623352,Josh Hader,0.322522
2025,694819,Jacob Misiorowski,0.191961
2025,674444,Steven Cruz,0.263486
2025,554340,Yimi García,0.274499
2025,681911,Alex Vesia,0.299125
2025,801139,Payton Tolle,0.199606
2025,660271,Shohei Ohtani,0.309340
2025,670970,Adrian Morejon,0.277263
2025,662253,Andrés Muñoz,0.317038
2025,666171,Ryan Zeferjahn,0.257865
2025,678495,Randy Rodríguez,0.250299
2025,689147,Orion Kerkering,0.302776
2025,661403,Emmanuel Clase,0.288837
2025,668933,Graham Ashcraft,0.200353
2025,657612,Tim Hill,0.173737
2025,676879,Aaron Ashby,0.251591
2025,695243,Mason Miller,0.357836
2025,668881,Hunter Greene,0.314604
2025,666711,Joel Peguero,0.161712
2025,682254,Mason Montgomery,0.310289
2025,661395,Jhoan Duran,0.318170
2025,664854,Ryan Helsley,0.320863
2025,643511,Tyler Rogers,0.210926
2025,656730,Trevor Megill,0.270227
2025,683618,Edgardo Henriquez,0.264112
